{
    "model-version":"1.0",
    "company":"pab",
    "category":"bankA",
    "id":"bankonline",
    "version":"1.0.0",
    "name": "网点云店",
    "description":"网点云店",
    "homePage":"onlineBankless.html",
    "appletType":"H5",
    "router":[
    	{
    		"pageId":"pab.bankA.bankonline.p123456",
    		"path":"./onlineBankless.html"
    	},{
            "pageId":"pab.bankA.bankonline.p234567",
    		"path":"./netWorkList.html"
        }
    ],
    "imports":[
       {
            "id":"pifsr.ui.navigationBar",
            "selection": [
                "version=1.*",
                "company=pifsr"
            ]
        },{
            "id":"pifsr.page.route",
            "selection": [
                "version=1.*",
                "company=pifsr"
            ]
        },{
            "id":"pifsr.core.basic",
            "selection": [
                "version=1.*",
                "company=pifsr"
            ]
        },{
            "id":"pifsr.base.storage",
            "selection": [
                "version=1.*",
                "company=pifsr"
            ]
        },{
            "id":"pifsr.base.sessionStorage",
            "selection": [
                "version=1.*",
                "company=pifsr"
            ]
        },{
            "id":"pifsr.base.localStorage",
            "selection": [
                "version=1.*",
                "company=pifsr"
            ]
        },{
            "id":"pifsr.base.device",
            "selection": [
                "version=1.*",
                "company=pifsr"
            ]
        },{
            "id":"pifsr.geo.location",
            "selection": [
                "version=1.*",
                "company=pifsr"
            ]
        }
    ]
}